Server [localhost]:
Database [postgres]:
Port [5432]:
Username [postgres]:
Password for user postgres:
psql (14.2)
WARNING: Console code page (437) differs from Windows code page (1252)
  8-bit characters might not work correctly. See psql reference
  page "Notes for Windows users" for details.
Type "help" for help.

postgres=# \c student
You are now connected to database "student" as user "postgres".
student=# \d
  List of relations
 Schema | Name | Type | Owner
--------+--------------------+-------+----------
 public | bonus | table | postgres
 public | book | table | postgres
 public | coviddata | table | postgres
 public | dept | table | postgres
 public | dummy | table | postgres
 public | emp | table | postgres
 public | facebook | table | postgres
 public | mobiledata | table | postgres
 public | pizza | table | postgres
 public | salgrade | table | postgres
 public | springbootcrud | table | postgres
 public | springbootemployee | table | postgres
 public | springboottrainee | table | postgres
 public | studdata | table | postgres
(14 rows)


student=# select * from mobiledata;
 mobile_id | mobileimeinumber | mobile_name | mobile_price | mobile_type | mobile_warenty
-----------+------------------+-------------+--------------+-------------+----------------
  101 | 21342212 | samsung | 34999 | android | 2
(1 row)


student=# select * from mobiledata;
 mobile_id | mobileimeinumber | mobile_name | mobile_price | mobile_type | mobile_warenty
-----------+------------------+-------------+--------------+-------------+----------------
  101 | 21342212 | samsung | 34999 | android | 2
  102 | 12324324 | xiaomi | 12799 | miUI | 1
(2 rows)


student=# select * from mobiledata;
 mobile_id | mobileimeinumber | mobile_name | mobile_price | mobile_type | mobile_warenty
-----------+------------------+-------------+--------------+-------------+----------------
  101 | 21342212 | samsung | 34999 | android | 2
  102 | 12324324 | xiaomi | 12799 | miUI | 1
  103 | 1231332 | iPhone12 | 75499 | iOS | 1
(3 rows)


student=# select * from mobiledata;
 mobile_id | mobileimeinumber | mobile_name | mobile_price | mobile_type | mobile_warenty
-----------+------------------+-------------+--------------+-------------+----------------
  101 | 21342212 | samsung | 34999 | android | 2
  103 | 1231332 | iPhone12 | 75499 | iOS | 1
(2 rows)